index,duration,RMSSD,pNN50,HF,LF,HF/LF,MET,temperature,thermal_comfort
,,259.94719656114773,,0.5975486746908463,0.4024513253091538,1.484772535490654,1.265625,,
